Grid displaying whether difference between the income of states are statistically different from each other.  Row listing of states in column A and column listing of states in row 7, median household income in row 8, and income standard errors in row 9.;;;;;;;;;;;;;;;;;;;;;;;;;;;;;;;;;;;;;;;;;;;;;;;;;;;;;;;;
Median Household Income (In 2013 Inflation-adjusted Dollars) by State Ranked from Highest to Lowest Using 3-Year Average:  2011-2013;;;;;;;;;;;;;;;;;;;;;;;;;;;;;;;;;;;;;;;;;;;;;;;;;;;;;;;;
 Source:;  U.S. Census Bureau, Current Population Survey, 2012, 2013, and 2014 Annual Social and Economic Supplements.;;;;;;;;;;;;;;;;;;;;;;;;;;;;;;;;;;;;;;;;;;;;;;;;;;;;;;;
 Universe:;  Households;;;;;;;;;;;;;;;;;;;;;;;;;;;;;;;;;;;;;;;;;;;;;;;;;;;;;;;
 Note:; Standard errors calculated using replicate weights. For information on confidentiality protection, sampling error, nonsampling error, and definitions, see ftp://ftp2.census.gov/programs-surveys/cps/techdocs/cpsmar14.pdf.;;;;;;;;;;;;;;;;;;;;;;;;;;;;;;;;;;;;;;;;;;;;;;;;;;;;;;;
 Not statistically different = *;;;;;;;;;;;;;;;;;;;;;;;;;;;;;;;;;;;;;;;;;;;;;;;;;;;;;;;;
States;Median household income (dollars);;;Maryland;New Hampshire;Connecticut;Virginia;New Jersey;Massachusetts;Alaska;District of Columbia;Minnesota;Colorado;Washington;Hawaii;Utah;California;Wyoming;North Dakota;Rhode Island;Vermont;Nebraska;Wisconsin;Oregon;Illinois;Iowa;Delaware;Pennsylvania;Texas;New York;South Dakota;Maine;Michigan;Kansas;Idaho;Arizona;Missouri;Georgia;Indiana;Oklahoma;Nevada;Florida;Ohio;Montana;South Carolina;North Carolina;Tennessee;New Mexico;Alabama;West Virginia;Kentucky;Arkansas;Louisiana;Mississippi;;
;Value;Standard error;;69.826;69.453;66.905;66.015;64.670;64.373;61.731;61.365;61.162;60.727;60.692;59.882;59.877;56.883;56.835;55.946;55.159;54.982;54.777;54.342;54.067;54.044;53.696;52.839;52.768;52.169;51.554;51.165;50.487;50.056;50.003;49.847;49.562;49.403;47.958;47.805;47.691;47.371;47.114;45.887;43.864;43.437;43.395;43.303;43.221;43.196;42.581;41.707;40.760;40.462;40.194;;
;;;;1.889;1.576;1.864;1.471;1.813;2.360;1.905;1.895;1.241;2.033;1.359;1.445;2.224;916;2.046;1.742;1.538;1.769;1.311;1.306;1.268;1.012;1.619;1.304;1.059;912;932;1.447;1.396;1.342;1.059;2.689;2.560;2.075;1.308;1.817;1.971;1.982;829;996;1.614;1.452;1.162;2.143;1.686;1.902;1.732;1.254;1.785;1.636;1.641;;
;;;;;;;;;;;;;;;;;;;;;;;;;;;;;;;;;;;;;;;;;;;;;;;;;;;;;;;;
Maryland;69.826;1.889;;*;*;*;*; ; ; ; ; ; ; ; ; ; ; ; ; ; ; ; ; ; ; ; ; ; ; ; ; ; ; ; ; ; ; ; ; ; ; ; ; ; ; ; ; ; ; ; ; ; ; ;;
New Hampshire;69.453;1.576;;*;*;*;*; ; ; ; ; ; ; ; ; ; ; ; ; ; ; ; ; ; ; ; ; ; ; ; ; ; ; ; ; ; ; ; ; ; ; ; ; ; ; ; ; ; ; ; ; ; ; ;;
Connecticut;66.905;1.864;;*;*;*;*;*;*; ; ; ; ; ; ; ; ; ; ; ; ; ; ; ; ; ; ; ; ; ; ; ; ; ; ; ; ; ; ; ; ; ; ; ; ; ; ; ; ; ; ; ; ; ;;
Virginia;66.015;1.471;;*;*;*;*;*;*; ; ; ; ; ; ; ; ; ; ; ; ; ; ; ; ; ; ; ; ; ; ; ; ; ; ; ; ; ; ; ; ; ; ; ; ; ; ; ; ; ; ; ; ; ;;
New Jersey;64.670;1.813;; ; ;*;*;*;*;*;*;*;*; ; ; ; ; ; ; ; ; ; ; ; ; ; ; ; ; ; ; ; ; ; ; ; ; ; ; ; ; ; ; ; ; ; ; ; ; ; ; ; ; ;;
Massachusetts;64.373;2.360;; ; ;*;*;*;*;*;*;*;*;*;*;*; ; ; ; ; ; ; ; ; ; ; ; ; ; ; ; ; ; ; ; ; ; ; ; ; ; ; ; ; ; ; ; ; ; ; ; ; ; ;;
Alaska;61.731;1.905;; ; ; ; ;*;*;*;*;*;*;*;*;*; ; ; ; ; ; ; ; ; ; ; ; ; ; ; ; ; ; ; ; ; ; ; ; ; ; ; ; ; ; ; ; ; ; ; ; ; ; ;;
District of Columbia;61.365;1.895;; ; ; ; ;*;*;*;*;*;*;*;*;*; ;*; ; ; ; ; ; ; ; ; ; ; ; ; ; ; ; ; ; ; ; ; ; ; ; ; ; ; ; ; ; ; ; ; ; ; ; ;;
Minnesota;61.162;1.241;; ; ; ; ;*;*;*;*;*;*;*;*;*; ; ; ; ; ; ; ; ; ; ; ; ; ; ; ; ; ; ; ; ; ; ; ; ; ; ; ; ; ; ; ; ; ; ; ; ; ; ;;
Colorado;60.727;2.033;; ; ; ; ;*;*;*;*;*;*;*;*;*; ;*; ; ; ; ; ; ; ; ; ; ; ; ; ; ; ; ; ; ; ; ; ; ; ; ; ; ; ; ; ; ; ; ; ; ; ; ;;
Washington;60.692;1.359;; ; ; ; ; ;*;*;*;*;*;*;*;*; ;*; ; ; ; ; ; ; ; ; ; ; ; ; ; ; ; ; ; ; ; ; ; ; ; ; ; ; ; ; ; ; ; ; ; ; ; ;;
Hawaii;59.882;1.445;; ; ; ; ; ;*;*;*;*;*;*;*;*; ;*; ; ; ; ; ; ; ; ; ; ; ; ; ; ; ; ; ; ; ; ; ; ; ; ; ; ; ; ; ; ; ; ; ; ; ; ;;
Utah;59.877;2.224;; ; ; ; ; ;*;*;*;*;*;*;*;*;*;*;*; ; ; ; ; ; ; ; ; ; ; ; ; ; ; ; ; ; ; ; ; ; ; ; ; ; ; ; ; ; ; ; ; ; ; ;;
California;56.883;916;; ; ; ; ; ; ; ; ; ; ; ; ;*;*;*;*;*;*;*;*; ; ; ; ; ; ; ; ; ; ; ; ; ; ; ; ; ; ; ; ; ; ; ; ; ; ; ; ; ; ; ;;
Wyoming;56.835;2.046;; ; ; ; ; ; ; ;*; ;*;*;*;*;*;*;*;*;*;*;*;*;*;*; ; ; ; ; ; ; ; ; ; ; ; ; ; ; ; ; ; ; ; ; ; ; ; ; ; ; ; ;;
North Dakota;55.946;1.742;; ; ; ; ; ; ; ; ; ; ; ; ;*;*;*;*;*;*;*;*;*;*;*;*;*; ; ; ; ; ; ; ; ; ; ; ; ; ; ; ; ; ; ; ; ; ; ; ; ; ; ;;
Rhode Island;55.159;1.538;; ; ; ; ; ; ; ; ; ; ; ; ; ;*;*;*;*;*;*;*;*;*;*;*;*; ; ; ; ; ; ; ; ; ; ; ; ; ; ; ; ; ; ; ; ; ; ; ; ; ; ;;
Vermont;54.982;1.769;; ; ; ; ; ; ; ; ; ; ; ; ; ;*;*;*;*;*;*;*;*;*;*;*;*;*; ; ; ; ; ;*; ; ; ; ; ; ; ; ; ; ; ; ; ; ; ; ; ; ; ;;
Nebraska;54.777;1.311;; ; ; ; ; ; ; ; ; ; ; ; ; ;*;*;*;*;*;*;*;*;*;*;*;*;*; ; ; ; ; ; ; ; ; ; ; ; ; ; ; ; ; ; ; ; ; ; ; ; ; ;;
Wisconsin;54.342;1.306;; ; ; ; ; ; ; ; ; ; ; ; ; ;*;*;*;*;*;*;*;*;*;*;*;*;*; ;*; ; ; ;*; ; ; ; ; ; ; ; ; ; ; ; ; ; ; ; ; ; ; ;;
Oregon;54.067;1.268;; ; ; ; ; ; ; ; ; ; ; ; ; ; ;*;*;*;*;*;*;*;*;*;*;*;*;*;*; ; ; ;*;*; ; ; ; ; ; ; ; ; ; ; ; ; ; ; ; ; ; ;;
Illinois;54.044;1.012;; ; ; ; ; ; ; ; ; ; ; ; ; ; ;*;*;*;*;*;*;*;*;*;*;*;*; ;*; ; ; ;*;*; ; ; ; ; ; ; ; ; ; ; ; ; ; ; ; ; ; ;;
Iowa;53.696;1.619;; ; ; ; ; ; ; ; ; ; ; ; ; ; ;*;*;*;*;*;*;*;*;*;*;*;*;*;*;*; ; ;*;*;*; ; ; ; ; ; ; ; ; ; ; ; ; ; ; ; ; ;;
Delaware;52.839;1.304;; ; ; ; ; ; ; ; ; ; ; ; ; ; ; ;*;*;*;*;*;*;*;*;*;*;*;*;*;*;*; ;*;*;*; ; ; ; ; ; ; ; ; ; ; ; ; ; ; ; ; ;;
Pennsylvania;52.768;1.059;; ; ; ; ; ; ; ; ; ; ; ; ; ; ; ;*;*;*;*;*;*;*;*;*;*;*;*;*;*;*; ;*;*;*; ; ; ; ; ; ; ; ; ; ; ; ; ; ; ; ; ;;
Texas;52.169;912;; ; ; ; ; ; ; ; ; ; ; ; ; ; ; ; ; ;*;*;*;*;*;*;*;*;*;*;*;*;*;*;*;*;*; ; ; ; ; ; ; ; ; ; ; ; ; ; ; ; ; ;;
New York;51.554;932;; ; ; ; ; ; ; ; ; ; ; ; ; ; ; ; ; ; ; ; ;*; ;*;*;*;*;*;*;*;*;*;*;*;*; ; ; ; ; ; ; ; ; ; ; ; ; ; ; ; ; ;;
South Dakota;51.165;1.447;; ; ; ; ; ; ; ; ; ; ; ; ; ; ; ; ; ; ; ;*;*;*;*;*;*;*;*;*;*;*;*;*;*;*;*;*;*;*; ; ; ; ; ; ; ; ; ; ; ; ; ;;
Maine;50.487;1.396;; ; ; ; ; ; ; ; ; ; ; ; ; ; ; ; ; ; ; ; ; ; ;*;*;*;*;*;*;*;*;*;*;*;*;*;*;*;*; ; ; ; ; ; ; ; ; ; ; ; ; ;;
Michigan;50.056;1.342;; ; ; ; ; ; ; ; ; ; ; ; ; ; ; ; ; ; ; ; ; ; ; ;*;*;*;*;*;*;*;*;*;*;*;*;*;*;*; ; ; ; ; ; ; ; ; ; ; ; ; ;;
Kansas;50.003;1.059;; ; ; ; ; ; ; ; ; ; ; ; ; ; ; ; ; ; ; ; ; ; ; ; ; ;*;*;*;*;*;*;*;*;*;*;*;*;*; ; ; ; ; ; ; ; ; ; ; ; ; ;;
Idaho;49.847;2.689;; ; ; ; ; ; ; ; ; ; ; ; ; ; ; ; ; ;*; ;*;*;*;*;*;*;*;*;*;*;*;*;*;*;*;*;*;*;*;*;*; ; ; ; ; ; ; ; ; ; ; ;;
Arizona;49.562;2.560;; ; ; ; ; ; ; ; ; ; ; ; ; ; ; ; ; ; ; ; ;*;*;*;*;*;*;*;*;*;*;*;*;*;*;*;*;*;*;*;*; ; ; ; ; ; ; ; ; ; ; ;;
Missouri;49.403;2.075;; ; ; ; ; ; ; ; ; ; ; ; ; ; ; ; ; ; ; ; ; ; ;*;*;*;*;*;*;*;*;*;*;*;*;*;*;*;*;*;*; ; ; ; ; ; ; ; ; ; ; ;;
Georgia;47.958;1.308;; ; ; ; ; ; ; ; ; ; ; ; ; ; ; ; ; ; ; ; ; ; ; ; ; ; ; ;*;*;*;*;*;*;*;*;*;*;*;*;*; ; ; ; ; ; ; ; ; ; ; ;;
Indiana;47.805;1.817;; ; ; ; ; ; ; ; ; ; ; ; ; ; ; ; ; ; ; ; ; ; ; ; ; ; ; ;*;*;*;*;*;*;*;*;*;*;*;*;*;*; ; ;*; ; ; ; ; ; ; ;;
Oklahoma;47.691;1.971;; ; ; ; ; ; ; ; ; ; ; ; ; ; ; ; ; ; ; ; ; ; ; ; ; ; ; ;*;*;*;*;*;*;*;*;*;*;*;*;*;*; ; ;*; ;*; ; ; ; ; ;;
Nevada;47.371;1.982;; ; ; ; ; ; ; ; ; ; ; ; ; ; ; ; ; ; ; ; ; ; ; ; ; ; ; ;*;*;*;*;*;*;*;*;*;*;*;*;*;*;*; ;*;*;*; ; ; ; ; ;;
Florida;47.114;829;; ; ; ; ; ; ; ; ; ; ; ; ; ; ; ; ; ; ; ; ; ; ; ; ; ; ; ; ; ; ; ;*;*;*;*;*;*;*;*;*; ; ; ; ; ; ; ; ; ; ; ;;
Ohio;45.887;996;; ; ; ; ; ; ; ; ; ; ; ; ; ; ; ; ; ; ; ; ; ; ; ; ; ; ; ; ; ; ; ;*;*;*;*;*;*;*;*;*;*;*;*;*;*;*; ; ; ; ; ;;
Montana;43.864;1.614;; ; ; ; ; ; ; ; ; ; ; ; ; ; ; ; ; ; ; ; ; ; ; ; ; ; ; ; ; ; ; ; ; ; ; ;*;*;*; ;*;*;*;*;*;*;*;*;*;*;*;*;;
South Carolina;43.437;1.452;; ; ; ; ; ; ; ; ; ; ; ; ; ; ; ; ; ; ; ; ; ; ; ; ; ; ; ; ; ; ; ; ; ; ; ; ; ;*; ;*;*;*;*;*;*;*;*;*;*;*;*;;
North Carolina;43.395;1.162;; ; ; ; ; ; ; ; ; ; ; ; ; ; ; ; ; ; ; ; ; ; ; ; ; ; ; ; ; ; ; ; ; ; ; ; ; ; ; ;*;*;*;*;*;*;*;*;*;*;*;*;;
Tennessee;43.303;2.143;; ; ; ; ; ; ; ; ; ; ; ; ; ; ; ; ; ; ; ; ; ; ; ; ; ; ; ; ; ; ; ; ; ; ; ;*;*;*; ;*;*;*;*;*;*;*;*;*;*;*;*;;
New Mexico;43.221;1.686;; ; ; ; ; ; ; ; ; ; ; ; ; ; ; ; ; ; ; ; ; ; ; ; ; ; ; ; ; ; ; ; ; ; ; ; ; ;*; ;*;*;*;*;*;*;*;*;*;*;*;*;;
Alabama;43.196;1.902;; ; ; ; ; ; ; ; ; ; ; ; ; ; ; ; ; ; ; ; ; ; ; ; ; ; ; ; ; ; ; ; ; ; ; ; ;*;*; ;*;*;*;*;*;*;*;*;*;*;*;*;;
West Virginia;42.581;1.732;; ; ; ; ; ; ; ; ; ; ; ; ; ; ; ; ; ; ; ; ; ; ; ; ; ; ; ; ; ; ; ; ; ; ; ; ; ; ; ; ;*;*;*;*;*;*;*;*;*;*;*;;
Kentucky;41.707;1.254;; ; ; ; ; ; ; ; ; ; ; ; ; ; ; ; ; ; ; ; ; ; ; ; ; ; ; ; ; ; ; ; ; ; ; ; ; ; ; ; ;*;*;*;*;*;*;*;*;*;*;*;;
Arkansas;40.760;1.785;; ; ; ; ; ; ; ; ; ; ; ; ; ; ; ; ; ; ; ; ; ; ; ; ; ; ; ; ; ; ; ; ; ; ; ; ; ; ; ; ;*;*;*;*;*;*;*;*;*;*;*;;
Louisiana;40.462;1.636;; ; ; ; ; ; ; ; ; ; ; ; ; ; ; ; ; ; ; ; ; ; ; ; ; ; ; ; ; ; ; ; ; ; ; ; ; ; ; ; ;*;*;*;*;*;*;*;*;*;*;*;;
Mississippi;40.194;1.641;; ; ; ; ; ; ; ; ; ; ; ; ; ; ; ; ; ; ; ; ; ; ; ; ; ; ; ; ; ; ; ; ; ; ; ; ; ; ; ; ;*;*;*;*;*;*;*;*;*;*;*;;
;;;;;;;;;;;;;;;;;;;;;;;;;;;;;;;;;;;;;;;;;;;;;;;;;;;;;;;;
;;;;;;;;;;;;;;;;;;;;;;;;;;;;;;;;;;;;;;;;;;;;;;;;;;;;;;;;
;;;;;;;;;;;;;;;;;;;;;;;;;;;;;;;;;;;;;;;;;;;;;;;;;;;;;;;;
;;;;;;;;;;;;;;;;;;;;;;;;;;;;;;;;;;;;;;;;;;;;;;;;;;;;;;;;
;;;;;;;;;;;;;;;;;;;;;;;;;;;;;;;;;;;;;;;;;;;;;;;;;;;;;;;;
;;;;;;;;;;;;;;;;;;;;;;;;;;;;;;;;;;;;;;;;;;;;;;;;;;;;;;;;
;;;;;;;;;;;;;;;;;;;;;;;;;;;;;;;;;;;;;;;;;;;;;;;;;;;;;;;;
;;;;;;;;;;;;;;;;;;;;;;;;;;;;;;;;;;;;;;;;;;;;;;;;;;;;;;;;
;;;;;;;;;;;;;;;;;;;;;;;;;;;;;;;;;;;;;;;;;;;;;;;;;;;;;;;;
;;;;;;;;;;;;;;;;;;;;;;;;;;;;;;;;;;;;;;;;;;;;;;;;;;;;;;;;
;;;;;;;;;;;;;;;;;;;;;;;;;;;;;;;;;;;;;;;;;;;;;;;;;;;;;;;;
;;;;;;;;;;;;;;;;;;;;;;;;;;;;;;;;;;;;;;;;;;;;;;;;;;;;;;;;
;;;;;;;;;;;;;;;;;;;;;;;;;;;;;;;;;;;;;;;;;;;;;;;;;;;;;;;;
;;;;;;;;;;;;;;;;;;;;;;;;;;;;;;;;;;;;;;;;;;;;;;;;;;;;;;;;
;;;;;;;;;;;;;;;;;;;;;;;;;;;;;;;;;;;;;;;;;;;;;;;;;;;;;;;;
;;;;;;;;;;;;;;;;;;;;;;;;;;;;;;;;;;;;;;;;;;;;;;;;;;;;;;;;
;;;;;;;;;;;;;;;;;;;;;;;;;;;;;;;;;;;;;;;;;;;;;;;;;;;;;;;;
;;;;;;;;;;;;;;;;;;;;;;;;;;;;;;;;;;;;;;;;;;;;;;;;;;;;;;;;
;;;;;;;;;;;;;;;;;;;;;;;;;;;;;;;;;;;;;;;;;;;;;;;;;;;;;;;;
;;;;;;;;;;;;;;;;;;;;;;;;;;;;;;;;;;;;;;;;;;;;;;;;;;;;;;;;
;;;;;;;;;;;;;;;;;;;;;;;;;;;;;;;;;;;;;;;;;;;;;;;;;;;;;;;;
;;;;;;;;;;;;;;;;;;;;;;;;;;;;;;;;;;;;;;;;;;;;;;;;;;;;;;;;
;;;;;;;;;;;;;;;;;;;;;;;;;;;;;;;;;;;;;;;;;;;;;;;;;;;;;;;;
;;;;;;;;;;;;;;;;;;;;;;;;;;;;;;;;;;;;;;;;;;;;;;;;;;;;;;;;
;;;;;;;;;;;;;;;;;;;;;;;;;;;;;;;;;;;;;;;;;;;;;;;;;;;;;;;;
;;;;;;;;;;;;;;;;;;;;;;;;;;;;;;;;;;;;;;;;;;;;;;;;;;;;;;;;
;;;;;;;;;;;;;;;;;;;;;;;;;;;;;;;;;;;;;;;;;;;;;;;;;;;;;;;;
;;;;;;;;;;;;;;;;;;;;;;;;;;;;;;;;;;;;;;;;;;;;;;;;;;;;;;;;
;;;;;;;;;;;;;;;;;;;;;;;;;;;;;;;;;;;;;;;;;;;;;;;;;;;;;;;;
;;;;;;;;;;;;;;;;;;;;;;;;;;;;;;;;;;;;;;;;;;;;;;;;;;;;;;;;
;;;;;;;;;;;;;;;;;;;;;;;;;;;;;;;;;;;;;;;;;;;;;;;;;;;;;;;;
;;;;;;;;;;;;;;;;;;;;;;;;;;;;;;;;;;;;;;;;;;;;;;;;;;;;;;;;
;;;;;;;;;;;;;;;;;;;;;;;;;;;;;;;;;;;;;;;;;;;;;;;;;;;;;;;;
;;;;;;;;;;;;;;;;;;;;;;;;;;;;;;;;;;;;;;;;;;;;;;;;;;;;;;;;
;;;;;;;;;;;;;;;;;;;;;;;;;;;;;;;;;;;;;;;;;;;;;;;;;;;;;;;;
;;;;;;;;;;;;;;;;;;;;;;;;;;;;;;;;;;;;;;;;;;;;;;;;;;;;;;;;
;;;;;;;;;;;;;;;;;;;;;;;;;;;;;;;;;;;;;;;;;;;;;;;;;;;;;;;;
;;;;;;;;;;;;;;;;;;;;;;;;;;;;;;;;;;;;;;;;;;;;;;;;;;;;;;;;
;;;;;;;;;;;;;;;;;;;;;;;;;;;;;;;;;;;;;;;;;;;;;;;;;;;;;;;;
;;;;;;;;;;;;;;;;;;;;;;;;;;;;;;;;;;;;;;;;;;;;;;;;;;;;;;;;
;;;;;;;;;;;;;;;;;;;;;;;;;;;;;;;;;;;;;;;;;;;;;;;;;;;;;;;;
;;;;;;;;;;;;;;;;;;;;;;;;;;;;;;;;;;;;;;;;;;;;;;;;;;;;;;;;
;;;;;;;;;;;;;;;;;;;;;;;;;;;;;;;;;;;;;;;;;;;;;;;;;;;;;;;;
;;;;;;;;;;;;;;;;;;;;;;;;;;;;;;;;;;;;;;;;;;;;;;;;;;;;;;;;
;;;;;;;;;;;;;;;;;;;;;;;;;;;;;;;;;;;;;;;;;;;;;;;;;;;;;;;;
;;;;;;;;;;;;;;;;;;;;;;;;;;;;;;;;;;;;;;;;;;;;;;;;;;;;;;;;
;;;;;;;;;;;;;;;;;;;;;;;;;;;;;;;;;;;;;;;;;;;;;;;;;;;;;;;;
;;;;;;;;;;;;;;;;;;;;;;;;;;;;;;;;;;;;;;;;;;;;;;;;;;;;;;;;
;;;;;;;;;;;;;;;;;;;;;;;;;;;;;;;;;;;;;;;;;;;;;;;;;;;;;;;;
;;;;;;;;;;;;;;;;;;;;;;;;;;;;;;;;;;;;;;;;;;;;;;;;;;;;;;;;
;;;;;;;;;;;;;;;;;;;;;;;;;;;;;;;;;;;;;;;;;;;;;;;;;;;;;;;;
;;;;;;;;;;;;;;;;;;;;;;;;;;;;;;;;;;;;;;;;;;;;;;;;;;;;;;;;
;;;;;;;;;;;;;;;;;;;;;;;;;;;;;;;;;;;;;;;;;;;;;;;;;;;;;;;;
;;;;;;;;;;;;;;;;;;;;;;;;;;;;;;;;;;;;;;;;;;;;;;;;;;;;;;;;
;;;;;;;;;;;;;;;;;;;;;;;;;;;;;;;;;;;;;;;;;;;;;;;;;;;;;;;;
;;;;;;;;;;;;;;;;;;;;;;;;;;;;;;;;;;;;;;;;;;;;;;;;;;;;;;;;
;;;;;;;;;;;;;;;;;;;;;;;;;;;;;;;;;;;;;;;;;;;;;;;;;;;;;;;;
;;;;;;;;;;;;;;;;;;;;;;;;;;;;;;;;;;;;;;;;;;;;;;;;;;;;;;;;
;;;;;;;;;;;;;;;;;;;;;;;;;;;;;;;;;;;;;;;;;;;;;;;;;;;;;;;;
;;;;;;;;;;;;;;;;;;;;;;;;;;;;;;;;;;;;;;;;;;;;;;;;;;;;;;;;
;;;;;;;;;;;;;;;;;;;;;;;;;;;;;;;;;;;;;;;;;;;;;;;;;;;;;;;;
